" der Gebrauch, -¨e",use
"das Eis, -X","ice, ice cream"
"das Hackfleisch, -X",piece of meat for slicing
"das Müsli, -","grain cereal, cereal grains"
"das Ungeheuer, -","monster, monstrosities"
"das Abitur, -e",school exam
"das Alter, -",age
"das Amt, -¨er","office, bureau"
"das Angebot, -e","bid, offer"
"das Aquarium, -en",aquarium
"das Asyl, -e",asylum
"das Auge, -n",eye
"das Ausland, x",overseas
"das Aussehen, -X",appearance
"das Autohaus, -¨er",car dealership
"das Bargeld, -er",cash money
"das Beet, -e","bed, patch (of flowers, etc.)"
"das Bein, -e",leg
"das Bekenntnis, -X",confession
"das Bekleidungsgeschäft, -e",clothing store
"das Besteck, -e","cutlery, flatware, silverware"
"das Bier, -e",beer
"das Bild, -er",photo
"das Blatt, -¨er","leaf, leaves"
"das Blut, -X",blood
"das Blütenblatt, -¨er",flower petal
"das Bonbon, -s","candy, treat"
"das Brett, -er",cutting board
"das Brät, -X",meat
das Brötchen,small bread roll
"das Bund, -",a bundle
"das Bußgeld, -er","fine, penalty"
"das Bügeleisen,",noun
"das Chaos, -",chaos. Disorder
"das Croissant, -s",croissant
"das Datum, -en",date
"das Denken, -","thought, thoughts"
"das Dirndl, -",bavarian traditional women´s dress
"das Doppelbett, -en",double bed
"das Doppelzimmer, -",double room
"das Dorf, -¨er",village
"das Dreieck, -e",triangle
"das Dunkel, x",darkness
"das Einzelzimmer, -",one bedroom hotel
"das Elektrogeschäft, -er",electronics store
"das Erdbeben, -X",earthquake
"das Etui, -s",small case - i.e. Glasses case
"das Fahrzeug, -e",vehicle
"das Fasten, -X",a fast
"das Feld, -er",field
"das Fenster, -s",window
"das Fernweh, -",wander lust
"das Festgewand, -¨er",festive garment
"das Fett, -e",fat
"das Fieber, -",fever
"das Formular, -e",form
"das Fresko, -en",fresco
"das Fundament, -e",foundation
"das Gammelfleisch, -X","rotten meat, roadkill"
"das Garagentor, -e",garage door
das Gebirge (pl),"the mountains, mountain range"
"das Gebot, -e","command, commandments"
"das Gefieder , -","feathers, plumage"
"das Geflügel, -X",poultry
"das Gefolge, -",entourage
"das Gefühl, -e","a feeling, feelings"
"das Gegenteil, -e",opposite
"das Geheimnis, -es",mystery
"das Gelächter, -X",laughter
"das Gemüse, -",vegetables
"das Gepäck, -, die Gepäckstücke, -n",hand luggage
"das Gericht, -e","meal, court of justice"
"das Geschenk, -e",gift
"das Geschirr, -",dishes
"das Geschrei, x",clamour
"das Gesetz, -e","law, statute"
"das Gesicht, -er",face
"das Gesäß, -e","bottom, seat, posterior"
"das Getreide, -n","grain, cereals"
"das Getöse, x",roar
"das Getümmel, x",ruckus
"das Gewicht, -X",weight
"das Glas, -¨er",glass
"das Glück, -",luck
"das Gold, -",gold
"das Grundstück, -e","piece of land, real estate, lot"
"das Haar, -e",hair
"das Hammerwerfen, -X",hammer throwing
"das Handgelenk, -e",wrist
"das Handgepäck, -e",hand luggage
"das Heimweh, -X",homesickness
"das Hemd, -en",shirt
"das Hochhaus, -¨er",apartment building
"das Holz, -¨er",wood
"das Hähnchen, -",chicken
"das Hörnchen, -",croissant
"das Ideal, -e","ideal, ideals"
"das Idol, -e",idol
"das Interesse, -n",interest
das Interrogativpronomen,interrogative pronoun
"das Jahr, -e",year
"das Joch, -e",yoke
"das Kalb, -¨er",calf
"das Kalbsflesich, -X",calf meat
"das Kaninchen, -","rabbit, small domesticated"
"das Kapitel, -",chapter
"das Kaufhaus, -¨er",department store
"das Kilo, -s",kilo
"das Kinn, -e",chin
"das Kissen, -","cushion, pillow"
"das Klavier, -e",piano
"das Kleingeld, -er",small change
"das Knie, -e",knee
"das Koffein, -x",caffeine
"das Konzert, -e",concert
"das Kotelett, -e",cutlet
"das Kraut, -¨er",plant
"das Kugelstoßen, -",shot put (sport)
"das Känguru, -s",kangaroo
"das Kännchen, -","pot, kettle"
"das Lammfleisch, -",lamb meat
"das Land, -¨er","land, country, nation"
"das Leben, -",life
"das Lied, -er",song
"das Lied, -er","song, songs"
"das Lob, -e",praise
"das Maul, -¨er","mouth, jaws (for animal)"
"das Medikament, -e",medication
"das Meer, -e",sea
"das Messer, -",knife
"das Metermaß, -e","ruler, measuring tape"
"das Mikrofon, -e",microphone
"das Missverständnis, -se",misunderstanding
"das Mitleid, x",compassion
"das Mäppchen, -",small pencil case
"das Möbelhaus, -¨er",furniture store
"das Nasenloch, -¨er",nostrils
"das Nest, -er",nest
"das Netz, -e","net, the internet"
"das Obst, -",fruit
"das Ohr, -en",ear
"das Paar, -e",a pair of something
"das Paket, -e",parcel (in the mail)
"das Paradie s, -e",paradise
"das Pech, -e",pitch
"das Pflaster, -","plaster, poultice"
"das Pfund, -e","500 grams, .5 Kilo"
"das Picknick, -e",picnic
"das Plätzchen, -",biscuit
das Polen,poland
"das Püree, -s","puree, i.e. Kartoffelpüree - mashed potatoes"
"das Quadrat, -e",square
"das Rankengewächs, -e",creeping plant
"das Rechteck, -e",rectangle
"das Regal, -e",bookshelves
"das Reihenhaus, -¨er","terraced house, row house"
"das Reisebüro, -s",travel agent
"das Restaurant, -s",restaurant
"das Rezept, -e",prescription
"das Rhabarber, -",rhubarb
"das Rindfleisch, -e",beef
"das Rohr, -e","pipe - water pipe, etc."
"das Rätsel, -n","riddle, puzzle"
"das Salz, -",salt
"das Scheitern, x",collapse
"das Schifferklavier, -e",accordion
"das Schloss, -¨er","lock, castle"
"das Schmuckgeschäft, -e",jewelry store
"das Schnitzel, -",pork cutlett
"das Schreibwarengeschäft, -e",stationery store
"das Schwein, -e","pig, hog"
"das Schweinefleisch, -X",pork meat
"das Schwimmbad, -¨er",swimming pool
"das Seil, -e","rope, line, climbing line"
"das Sekretariat, -e",office
"das Shampoo, -s",shampoo
"das Silber, x",silver
"das Sofa, -s","sofa, couch"
"das Sonderangebot, -e",special offer
"das Speerwerfen, -X",spear throwing
"das Spiegelei, -er",fried egg
"das Spielzeug, -e",playtoy
"das Ständchen, -",seranade
"das Stück, -e",piece
"das Talent, -e","talent, capacity, bib. - measure of weight"
"das Telefon, -e",telephone
"das Teppichgeschäft, -e",carpet store
"das Thema, -en","theme, topic"
"das Thermometer, -",thermometer
"das Ticket, -s",ticket
"das Tor, -e","door, sport - goal"
"das Treffe, -n",meeting
"das Triebwerk, -e","engine, power plant"
"das Trinkgeld, -er",a tip
"das Tuch, -¨er","cloth, kerchief"
"das Turnen, -X",gymnastics
"das Turnier, -e","tournament, show"
"das Ufer, -","bank of river, shoreline"
"das Unkraut, -¨er",weed
"das Unrecht, x",injustice
"das Verbrechen, -",crime
"das Vergehen, -",offense
"das Verhältnis, -X","relationship, affair"
"das Verkehrsmittel, -",transportation
"das Verschwinden, -",disappearance
"das Vertrauen, -",trust
"das Video, -s",video
"das Vieh,",cattle
"das Viertel, -",quarter
"das Volk, ¨er","people, nation"
"das Vortschritt, -e",progress
"das Wachstum, x",growth
"das Wasser, -",water
"das Wechselgeld, -er",change
"das Werkzeug, -e",work tools
"das Wesen, -","being, nature"
"das Wissen, -X",knowledge
"das Wunder , -","wonder , marvel"
"das Wurzelverzeichnis, -e",root directory
"das Zentrum, -en",center
"das Zimmer, -",room
"das Zollkontrolle, -n",customs in airport
"das Öl, -e",oil
der ABA,answering machine
"der Abflug, -¨e",departure
"der Abriss, -e",demolition
"der Abschied, -e","goodbye, farewell"
"der Abstand, -¨e",distance
"der Acker, -¨",field
"der Affe, -n",monkey
"der Aktenkoffer, -",attache case
"der Aktenordner, -","file, file cabinet, etc."
"der Allgemeinarzt, -¨e",general practice doctor
"der Anblick, -e","sight, a look"
"der Anfang, -¨e",the beginning
"der Angriff, -","attack, raid"
"der Anlass, -¨e","motive, cause"
"der Anruf, -e",phone call
"der Anschluss, -e","connection, (water) supply"
"der Anspruch, -¨e",claim (ins.)
"der Anwohner, die Anwohnerin",resident
"der Anästhesist, -, Anäthesistin, -nen",anathesiologist
"der Apfel, -¨",apple
"der Apparat, -e","apparatus, Gadget, Machine"
"der Arm, -e",arm
"der Ast, -¨e",branch of a tree
"der Asylant, -en",asylum seeker
"der Ausflug, -¨e","outing, field trip"
"der Auswander er, -",emigrant
"der Ausweis, -e",ID
"der Badeanzug, -e, die Badehose, -n",bathing suit
"der Bahnhof, -¨e",train station
"der Balkon, -e",balcony
"der Ball, -¨e",ball
"der Barren, -",the parallel bars
"der Bart, -¨e",beard
"der Bastler, -, die Bastlerin, -nen","craftsman, do it yourselfer"
"der Bauch, -¨e",stomach
"der Baum, -¨e",tree
"der Becher, -","beaker, plastic cup"
"der Beginn, -","beginning, start"
"der Beruf, -e","occupation, career"
"der Besitz, x","resources, assets"
"der Beweis, -e",proof
"der Bezwinger, -",conqueror
"der Blitz, -e","lightning, flash"
"der Blumenkohl, -",cauliflower
"der Blumenladen, -¨",flower shop
"der Blumenstrauß, -¨e",bunch of flowers
"der Boden, -¨","ground, dirt"
"der Brei, -e","mash, puree"
"der Briefkasten, -¨",mailbox
"der Bruder , -n",brother
"der Buckel, -",hunchback
"der Buddhismus, x",buddhism
"der Bush, -¨e",bush (strauch)
"der Chef, -s",boss
"der Chinese, -n",chinese (people)
"der Chirurg, -en",surgeon
"der Christ, -en",Christian
"der Computer, -",computer
"der Dachboden, -",attic
"der Dampf, -¨e","steam, vapor"
"der Detektiv, -e, die Detektei",detective
"der Dieb, -e",thief
"der Dirigent, -en, die Dirigentin, -nen",conductor
"der Dirigentenstab, -",conductors baton
"der Dom, -e",cathedral
"der Dorn, -en",thorn
"der Drache, -n",dragon
"der Drachen, -","a kite, a glider"
"der Dualismus, -",dualism
"der Dung, -x","dung, manure"
"der Dünger, -",fertilizer
"der Düsenantrieb, -X",jet propulsion
"der Düsenjäger, -",fighter jet
"der Edelstein, -e",precious stone
"der Einkaufszettel, -",shopping list
"der Einwander er, -",immigrant
"der Eiskunstlauf, -x",figure skating
"der Ellbogen, -",elbow
der Eltern (pl),parents
"der Esel, -",donkey
"der Faden, -¨",thread
"der Fahrradabstellplatz, -¨e",bicycle parking place
"der Fallschirm, -e",parachute
"der Familienstand, x",family status
"der Fehler, -",mistake
"der Feind, -e",enemy
"der Feldrand, -¨er",edge of a field
"der Finger, -",finger
"der Fingerabdruck, -¨n",fingerprint
"der Fingerhut, -¨e",thimble
"der Fingernagel, -¨",fingernail
"der Fisch, -",fish
"der Flaschenöffner, -",bottle opener
"der Fleck, -en",spot
"der Flug, -¨e",flight
"der Flugbegleiter, -,die Flugbegleiterin",airline stewardess
"der Flughafen, -¨",airport
"der Flur, -e",hallway in a house
"der Fluss, -¨e",river
"der Freimut, x",frankness
"der Frevel, -","iniquity, outrage"
"der Frühaufsteher, -in","early riser, hard working person"
"der Fuchs, -¨e",fox
"der Fuß, -¨e",foot
"der Fußgänger, -",pedestrian
"der Fön, -e",hairdryer
"der Führerschein, -e",driver´s license
"der Fürst, -, die Fürstin, -nen","prince, princess"
"der Gammel, -X",rubbish
"der Gang, -¨e","walkway, corridor"
"der Garten, -s",garden
"der Gast, -¨e",guest
"der Geburtstag, -e",birthday
"der Gehsteig, -e",sidewalk
"der Geruch, -¨e","smell, odor"
"der Geschäftsführer, -,Geschäftsführerin, -nen",store manager
"der Gestank, -X",stench
"der Getränkemarkt, -¨e","party store, beer - wine store"
"der Gott, -¨er","God, gods"
"der Grund, -¨e","the reason, the matter"
"der Grundsatz, -¨e",principle
"der Gürtel, -",belt
"der Haarschnitt, die Frisur",haircut
"der Hacken, -",hooks
"der Hafen, -¨",harbor
"der Hafer, -",oat
"der Hals, -¨e",neck
"der Halz-Nasen-Ohrenartz, -¨","ear, nose and throat doctor"
"der Hammer, -¨",hammer
"der Hase, -n","hare, undomesticated rabbit"
"der Hass, -X","hate, hatred"
"der Haushalt, -e",household
"der Heilend, -e",savior
"der Heilige, -",saint
"der Held, -en, die Heldin, -nen","hero, heroin"
"der Herd, -e","whole stove, oven and top"
"der Himmel, -",heaven
"der Hinduismus, x",hinduism
"der Hochzeitstage, -n",wedding day
"der Hof, -¨e","yard, courtyard"
"der Honig, -",honey
"der Horizont, -e",horizon
"der Huf, -e",hoof
"der Husten, -X",cough
"der Hustensaft, -¨e",cough syrup
"der Hüter, die Hüterin",custodian
"der Internist, -",internalist
"der Internspeicher, -X",computer memory
"der Kachelboden, -",tile floor
"der Kalender , -",calender
"der Kamm, -¨e",comb
"der Kasperl, -n",puppet
"der Kassenzettel, -",receipt
"der Kater, -",tomcat
"der Keks, -e",cookies
"der Kellner, -, die Kellnerin - nen","waiter, waitress"
"der Klee, -",clover
"der Kleiderbügel, -",coat hanger
"der Klub, -s","club, civic group"
"der Knoblauch, -",garlic
"der Knöchel, -",ankle
"der Koffer, -",suitcase
"der Kohl, -e",cabbage
"der Kontrast, -e",contrast
"der Kontrolleur, -",inspector
"der Kopf, -¨e",head
"der Kopfsalat, -e",head lettuce
"der Korb, -¨e",basket
"der Korken, -",cork
"der Korkenzieher, -",corkscrew
"der Krankenpfleger, -e","nurse, male or female"
"der Kratzer, -",scratch
"der Kreis, -e",circle
"der Kuchen, -",cake
"der Kugelschreiber, -",ink pen
"der Kunde, -n, die Kundin, -nen",customer
der Kundenservice,customer service department
"der Kuss, -¨e",kiss
"der Käfig, -",birdcage
"der Käse, -n",cheese
"der Körper, -",body
"der Kühlschrank, -¨e",refrigerator
"der Kürbis, -es",pumpkins
"der Laden, -¨",shop
"der Langschläfer, -in","late sleeper, lazy person"
"der Laptop, -s",laptop computer
"der Lauch, -e",leek
"der Leerlauf, x",idle
"der Legastheniker, -, die Legasthenikerin, -nen",dyslexic
"der Leiter, -",leader
"der Liebling, -s",loved one
"der Lockenwickler, -X",hair curlers
"der Lärm, -X",noise
"der Löffel, -",spoon
"der Löwe, -n",lion
"der Mais, -X",corn
"der Maiskolben, -X",corncob
"der Maurer, -",bricklayer
"der Mediabericht, -e",media report
"der Meeresblick, -e",seaside view
"der Mensch, -en",humans
"der Mond, -e",the moon
"der Mord, -er",murder
"der Morgenmantel, -",housecoat
"der Mulleimer, -",trash bin
"der Mund, ¨-er",mouth
"der Musiker, -, die Musikerin, -nen",musician
"der Muskel, -n",muscle
"der Mut, -X","courage, pluck"
"der Nabel, -",navel
"der Nachbar, -, die Nachbarin, -nen",neighbor
"der Nachteil, -e",disadvantage
"der Name, -n",name
"der Nebel, -","fog, mist"
"der Nord, Süd, Ost, West","North, South, East and West"
"der Notausgang, -¨e",emergency exit
"der Nu, -X",no time
"der Nudelsalat, -e",pasta salad
"der Oberkörper, -",upper body
"der Oberschenkel, -",thigh
"der Ochse, -n",ox
"der Ofen, -¨",oven
"der Ort, -¨er",place
"der Orthopäde, -n",orthopedist
"der Pantoffelheld, -en","hen pecked husband, i.e. Slipper bound"
"der Papagei, -en",parrot
"der Paprika, -X",bell peppers
"der Park, -s",park
"der Partner, -, die Partnerin, -nen",partner
"der Pass, -¨e",passport
"der Pfeffer, -",pepper
"der Pfirsich, -e",peach
"der Pilz, -e",mushroom
"der Pinsel, -",brush
"der Plünderer, -","raider, plunderer"
"der Psychiater, -",psychiatrist
"der Pullover, -s",a sweater
"der Quark, -",sour cream
"der Rabe, -n",raven
"der Rahmen, -",frame
"der Rand, -¨er",edge
"der Rat, -X",advice
"der Raum, -¨e","space, room"
"der Rechtsstreit, -e",legal dispute
"der Regenschirm, -e",umbrella
"der Respekt, -X",respect
"der Rest, -e",the rest
"der Retter, die Retterin","rescuer, savior"
"der Rettich, -e",radish
"der Rhythmus, -",rhythm
"der Riese, -n",giant
"der Ring, -e",ring
"der Ritter, -",knight
"der Rock, -¨e",skirt
"der Roller, -",scooter
"der Ruhm, x",glory
"der Rumpf, -¨e","body core, trunk"
"der Rücken, -","the back, spine"
"der Sack, -¨e",sack
"der Saft, -¨e",juice
"der Salat, -e",lettuce
"der Sand, -e",sand
"der Sandstrand, -¨e",sandy beach
"der Schal, -e","scarf, shawl"
"der Schalter, -","counter, switch"
"der Schatz, -¨e","treasure, sweetheart"
"der Schein, -e","paper money, bill"
"der Schimpf, -","insult, affront"
"der Schinken, -",ham
"der Schirm, -e","shield, screen"
"der Schlitten, -","sled, sledge"
"der Schlitz, -e","slot, slit"
"der Schluck, -e","of liquid, a drink, a swallow, a drop"
"der Schlüssel, -",key
"der Schmeichler, -",flatterer
"der Schmerz, -en",pain
"der Schmetterling, -e",butterfly
"der Schmuck, -e",jewelry
"der Schnabel, -¨",beak
"der Schnupften, -",a cold
"der Schrank, -¨e","cupboard, wardrobe"
"der Schrei, -e",scream
"der Schwager, die Schwägerin","brother in law, sister in law"
"der Schwan, -¨e",swan
"der Schwerpunkt, -e",center of gravity
"der Schäferhund, -e",german shepherd
"der Schönheitschirurg, -en",plastic surgeon
"der Seite, -n","side, page"
"der Senf, -e",mustard
"der Sessel, -",armchair
"der Seufzer, -",sigh
"der Sklave, -n die Sklavin",slave
"der Sohn, -¨e","son, sons"
"der Spinat, -",spinach
"der Spitzer, -",pencil sharpener
"der Sprecher, -, die Sprecherin, -nen",speaker
"der Staat, -en","state, country"
"der Stab, -¨e","stick, pole"
"der Stabhochsprung, -e",pole vaulting
"der Stadtplan, -¨e","city plan, map"
"der Stadtteil, -e",city district
"der Stamm, -¨e","tree trunk, tribe, clan"
"der Stand, -¨e","stand, counter"
"der Stapel, -","pile, stack"
"der Stau, -e",traffic jam
"der Stern, -¨e",stars
"der Steward, die Stewardess",airline stewardess
"der Stich, -e",stitch
"der Stiefel, -",boot
"der Stier, -e","A steer, a bull"
"der Stift, -e","pen, pin, peg"
"der Stock, -¨e",cane
"der Stoff, -e","fabric, material"
"der Stolz, -",pride
"der Stoß, -¨e","push, shove, punch"
"der Strafzettel, -","parking ticket, etc."
"der Strand, -¨e",beach
"der Strauch, -¨er",shrubbery
"der Strauss, -¨e",ostrich
der Straßenrand,roadside
"der Streifschar, -en",raiding party
"der Streit, -e","argument, quarrel, dispute"
"der Strom, -¨e",river
"der Supermarkt, -¨e",supermarket
"der Suppenteller, -",soup bowl
"der Synthesizer, -s",synthesizer
"der Sünder , -, die Sünder in, -nen",sinner
"der Tagtraum, -¨e",daydream
"der Takt, -e","(music) - bar, time"
"der Taschenrechner, -",calculator
"der Teddybär, -en",teddy bear
"der Tee, -s",tea
"der Teich, -e",pond
"der Teller, -",plate
"der Teppich, -e","carpeting, flooring"
"der Termin, -e",official appointment
"der Tintenfisch, -e","inkfish - i.e. Squid, octopus, etc."
"der Tisch, -e",table
"der Tod, -e",death
"der Topf, -¨e",pot
"der Torhüter, -, die Torhüterin, -nen",goalie
"der Trainer, die Trainerin",trainer
"der Traumurlaub, -e",dream vacation
"der Trauzeuge, -n",witness at a marriage ceremony
"der Tresor, -e","a safe, lockbox, etc."
"der Tropfen, -X",drops
"der Trubel, x",turbulence
"der Tumor, -en","tumor, growth"
"der Turm, -¨e",tower
"der Umzug, -¨e","parade, relocation, move"
"der Unfall, -¨e","accident, wreck"
"der Unterkörper, -",lower body
"der Unterricht, -e","class, lesson, instructions"
"der Unterschied, -e","difference, variation"
"der Verein, -e","official club, organization"
"der Verkäufer,-, die Verkäuferin, -nen",shopkeeper
"der Verlust, -e",loss
"der Verräter, -, die Verräterin, -nen",traitor
"der Vers, -e",verse
"der Verstärker, -",amplifier
"der Vertrieb, -e",sales
"der Videorekorder , -s",videorecorder
"der Vorhang, -¨e",curtains
"der Vormittag, -en",the morning
"der Vorschlag, -¨e","proposal, suggestion"
"der Vorstand, -¨e",the board (of directors)
"der Vorstandsvorsitzende, -","corporate president, head of the board"
"der Vorteil, -e",advantage
"der Wagen, -","car, truck, etc."
"der Wald, -¨er",forest
"der Wart, -e",attendant
"der Wasserhahn, -¨e",faucet
"der Wecker, -",alarm clock
"der Weg, -e",path
"der Wein, -e",wine
"der Weinkeller, -",wine cellar
"der Weizen, -",wheat
"der Weltraum, -¨e",the universe
"der Wert, -e","worth, value"
"der Wettbewerb, -X",competition
"der Wetter, -",better
"der Wettlauf, -x",race
"der Whirlpool, -s","whirlpool, jacuzzi"
"der Winkel, -",angle
"der Wirbel, -","whirl, whirlpool (im Fluß etc.)"
"der Witz, -e","joke, wit."
"der Wunsch, -¨e",wish
"der Wäscheständer , -",clothes drying rack
"der Zahn, -¨e","tooth, teeth"
"der Zahnstocher, -n",toothpick
"der Zauber, -X",magic
"der Zaun, -¨e",fence
"der Zeigefinger, -","pointing finger, index finger"
"der Zerstörer, -",the destroyer
"der Zipfel, -","corner, point"
"der Zoll, -¨e","tax, fee, toll, customs duty"
"der Zoo, -s",zoo
"der Zucker, -",sugar
"der Zweig, -e",twig
"der Übersetzer,-, die Übersetzerin, -nen",translator
"die Abhängigkeit, -en","addiction, dependence"
"die Abteilung, -en",department
"die Abwicklung, -en","liquidation, phaseout"
"die Ader , -n",artery
"die Ahnung, -","suspicion, hunch"
"die Alge, -n",algae
"die Ampel, -n",stop light
"die Anbetung, x","worship, adoration"
"die Anfangsgründe, -X",elements (wie in chemie)
"die Angst, -¨e",axiety
"die Anhöhe, -n","bank, hill"
"die Anklage, -n","charge, - legal"
"die Ankunft, -¨e",arrival
"die Apfelsine, -n","orange, orange tree"
"die Apotheke, -n","chemist, drug store"
"die Aprikose, -n",apricot
"die Armlehne, -n",armrest
"die Art, -en","kind, sort, type"
"die Atmung, -X","respiration, breathing"
"die Auflage, -n","edition, imprint"
"die Augenbraue, -n",eyebrows
"die Ausnahme, -n",exception
"die Autobahn, -en","autobahn, freeway"
"die Backspacetaste, -n",backspace key
"die Backware, -n",baked goods
"die Badesachen, -",bathing things
"die Badewanne, -n",bathtub
"die Banane, -n",banana
"die Bank, -en",bank
"die Bank, -¨e",bench
"die Barmherzigkeit, x",mercy
"die Beere, -n",berry
"die Begeisterung, -X",enthusiasm
"die Bekannte, der Bekannter",acquaintance
"die Besatzung, -en",crew (ins Gesamt)
"die Besichtigung, -en",sight seeing tour
"die Besprechung, -en",discussion
"die Bezirksstadt, -¨e",district capital
"die Birne, -n",pear
"die Bohne, -n",beans
"die Bohrmaschine, -n",drill
"die Bordkarte, -n",bording card
"die Boutique, -n",boutique
"die Bremse, -n",brake
"die Brezel, -n",pretzel
"die Brust, -¨e","chest, breasts (pl)"
"die Brücke, -n",bridge
"die Buchhaltung, -x",finance office
"die Buchhandlung, -en",bookstore
"die Bushaltestelle, -n",bus stop
"die Butter, -",butter
"die Decke, -n","ceiling, bed cover"
"die Digitalkamera, -s",digital camera
"die Ding, -e",thing
"die Disko(thek), -en",dance club
"die Dose, -n",tin of something
"die Dreiheit, -X",trinity
"die Droge, -n",drugs
"die Drogerie, -en","chemist, apotheke, drugstore"
"die Dunkelheit, -en",darkness
"die Durchwahl, ¨e",telephone extension
"die Ecke, -n",corner
"die Ehre, x",honor
"die Eifersucht, x",jealousy
die Einkünfte (pl),earnings
"die Einsamkeit, X",loneliness
"die Empfindlichkeit, x",sensitivity
"die Erbse, -n",pea
"die Erde, -n",earth
"die Erhebung, -en","rise, ascension to power"
"die Erkältung, -en","cold, cough"
"die Ermutigung, -en",encouragement
"die Ernährung, -X",nutrition
"die Errettung, -en",salvation
"die Erschöpfung, -X","exhaustion, fatigue"
"die Erwachsene, -elle, -r","adult, grown up"
"die Fachkraft, -¨e","skilled workers, professional workers"
"die Fahrkarte, -n","train ticket, bus ticket, etc."
"die Farbenpalette, -n",painters palette
"die Feile, -n",file
"die Fensterbank, -¨e",window sill
"die Ferien, (pl)",holidays
"die Fernbedienung, -en",TV remote
"die Ferse, -n",heel
"die Festplatte, -n",computer hard drive
"die Fischsemmel, n","fish bread, fish sandwich"
"die Flotte, -n","fleet, armada"
"die Flucht, -en","escape, getaway"
"die Fluggesellschaft, -¨e",airline
"die Flut, -en",flood
"die Form, -en",form
"die Fotokopie, -en",photocopy
"die Frage, -n",question
"die Freizügigkeit, x","liberality, permissiveness"
"die Freude, -n",joy
"die Frucht, -e",fruit
"die Frucht, -¨e",fruit
"die Fußgängerzone, -n",pedestrianized zone
"die Gabel, -n",fork
"die Gans, -¨e",goose
"die Garantie, -n",guarantee
"die Garderobe, -n",wardrobe
"die Gardine, -n","drapes, curtains"
"die Gebrauchsanweisung, -en",instruction manual
"die Gefühllosigkeit, -x","callousness, insensitivity"
"die Geige, -n",violin
"die Gelegenheit, -",opportunity
"die Gerste, -n",barley
"die Geschichte, -n","history, story"
"die Geschwister, (pl)",brothers and sisters
"die Geselligkeit, X",sociability
"die Glühlampe, -n",light bulb
"die Gottheit, -en","deity, Godhead"
"die Grippe, -n","flu, sickness"
"die Grube, -n","pit, ditch"
"die Größe, -n","size, format"
"die Gurgel, -n",throat
"die Gurke, -n",cucumber
"die Gymnastik, -x",exercises
"die Halbpension, die Vollpension","room and board, full or half"
"die Hand, -¨e",hand
"die Harke, -n",rake
"die Hauptspeise, -n",main meal
"die Hausschuhe, -n","house shoes, slippers"
"die Haut, -¨e",skin
"die Heiligamesse, -n","holy mass, church service"
"die Heimat, -en",home
"die Heizung, -en",heating
"die Hochzeit, -en",wedding
"die Honigmelone, -n",honeydew melon
"die Hurerei, -en",prostitution
"die Höhe, -n",height
"die Informationswirtschaft, -en",information economy
"die Insel, -n",island
"die Jacke, -n",jacket
"die Jalousie, -n",window blinds
"die Kachel, -n",tile
"die Kanone, -n",cannon
"die Karotte, -n",carrot
"die Kartoffel, -n",potato
"die Kelter, -n",winepress
"die Kerze, -n",candle
"die Kette, -n",chain
"die Kirsche, -n",cherry
"die Kiste, -n",wine case
"die Klappe, -n","flap, fig. trap, mouth"
"die Kneipe, -n",pub
"die Knoblauchzehe, -n",garlic clove
"die Kokonuss, -e",coconut
"die Kombination, -en",combination
"die Konferenz, -en",conference
"die Konfession, -en",denomination
"die Kosten, -",costs
"die Krabbe, -n",shrimp
"die Krankmeldung, -en",doctor's excuse
"die Krawatte, -n",necktie
"die Kreide, -n",chalk
"die Kreuzung, -en",intersection
"die Kriminalität, x",crime rate
"die Kugel, -n",ball
"die Kusine, -n, der Cousin, -",cousin
"die Kälte, -n","the cold, i.e. cold weather"
"die Kühltasche, -n","cooler, cold bag"
"die Kühnheit, -x",boldness
"die Lampe, -n","lamp, light"
"die Lanze, -n",lance
"die Lebenshaltung, x",cost of living
"die Lebensphilosophie, -n",life philosophy
"die Leichtathletik, -x",track and field
"die Leiter, -n",ladder
"die Leitung, -en","leading, routing"
"die Limonade, -n",limonade
"die Lippe, -n",lips
"die List, x","cunning, deceit"
"die Lust, -¨e","desire, pleasure, joy"
"die Lücke, -n","gap, hole"
"die Mahlzeit, -en",mealtime
"die Mannschaft, -en",sports team
"die Marketingabteilung, -en",the marketing department
"die Marmelade, -n",jam
"die Maschine, -n","airplane, machine"
"die Mauer, -n",wall
"die Medizin, -n",medicine
die Meeresfrüchte (pl),seafood
"die Meile, -n",mile
"die Meinung, -en","view, opinion"
"die Metzgerei, -",butcher shop
"die Milch, -",milk
"die Mitternacht, -",midnight
"die Möhre, -n",carrot
"die Möwe, -n",seagull
"die Mühe, (pl)","trouble, pains"
"die Münze, -n",cap
"die Nachspeise, -n",dessert
"die Nacht, -¨e",night
"die Nadel, -n",needle
"die Nase, -n",nose
"die Neffe, -n",nephew
"die Nektarine, -n",nectarine
"die Nichte, -n",niece
"die Niederlassung, -en",settlement
"die Not, -¨e","need, poverty"
"die Nähe, -",proximity
"die Olive, -n",olive
"die Ortschaft, -en",locality
"die Packung, -en",package or packet
"die Pantoffel, -n",house slippers
"die Pastete, -n",meat pie
"die Personalabteilung, -en",personnel department
"die Pest, -en",pestilence
die Pfadfinder,boy scouts
"die Pfanne, -n",pan
"die Pfeffermühle, -n",pepper grinder
"die Pflaume, -n",plum
"die Pfote, -n",paws
"die Pfüzte, -n",puddle
"die Pistazie, -n",pistachio
"die Pizza, -s",pizza
"die Platte, -n","platter, serving dish"
"die Pommesfrites, -",french fries
"die Portion, -en",portion
"die Post, -en",post office
"die Praline, -n",chocolate with cream or alcohol
"die Praxis, Praxen",doctor´s practice
"die Produktionsabteilung, -en",production department
"die Prägung, -en","imprint, minting, coinage"
"die Puppe, -n",doll
"die Pute, -n",turkey
"die Pyramide, -n",pyramid
"die Quittung, -en","bill from car repair, etc"
"die Realität, -e",reality
"die Rechtsabteilung, -en",legal department
"die Regel, -n",rules
"die Reihe, -n","row, line"
"die Reihenfolge, -n","order, sequence"
"die Reinigung, -en",dry cleaners
"die Reise, -n","trip, journey"
die Reiseunterlagen (pl),travel documents
"die Reklamation, -en","complaint, query"
"die Reklame, -n",advertising
"die Rettung, -en",rescue
"die Richtung, -en",direction
"die Robbe, -n",a seal
"die Routine, x",routine
"die Ruhe, x","quiet, calm, peace"
die Rösti (pl),"fried grate potatoes, i.e. hash"
"die Rübe, -n",turnip
"die Rückflugticket, -s",a round trip ticket
"die Rüstung, -en","arms, weapons"
"die Sache, -n","thing, things"
"die Sahne, -",cream
"die Salbe, -n","salve, ointment"
"die Salbung, -en",anointing
"die Sandgrube, -n",sand pit
"die Schachtel, -n",small box
"die Schale, -n",small bowl
"die Schar, -en",band of people
"die Schlange, -n","snake, serpent, line of people"
"die Schminke, -n",makeup
"die Schnecke, -n",snail
"die Schokolade, -n",chocolate
"die Scholle, -n",(ice) floe
"die Schorle, -n",spritzer
"die Schublade, -n",drawer
"die Schule, -n",school
"die Schulter, -n",shoulder
"die Schwelle, -n","threshhold - psych, phys, door threshhold"
"die Schwerathletik, -x",contact sports
"die Schwester, -n",sister
"die Serviette, -n",napkin
"die Siebensachen, (pl)",belongings
"die Socke, -n",socks
"die Sorge, -n",worry
"die Soße, -n",sauce
"die Spalte, -n",column
"die Spielzeugkiste, -n",toybox
"die Spinne, -n",spider
"die Sportskanone, -n",sports star
"die Sprechstundenhilfe, -n",receptionist
"die Spritze, -n","syringe, shot"
"die Spur, -en","track, trace, sign"
"die Stange, -n","pole, bar"
"die Startbahn, -en, die Landebahn, -en",runway
"die Station, -en","station, stop"
"die Stimme, -n","voice, part"
"die Stirn, -en",forehead
"die Strafe, -n","penalty, punishment"
"die Strahlung, -en",radiation
"die Straßenbahn, -en","tram, streetcar"
"die Streichholzschachtel, -n",matchbox
"die Stäbchen, -",chopsticks
"die Suppenkelle, -n",soup ladle
"die Säge, -n",a saw
"die Säuregurke, -n",pickles
"die Sünde, -",sin
"die Süße, -",sweets
"die Süßigkeit, -en",sweets
"die Tablette, -n","pills, tablets"
"die Tafel, -n",bar of something
"die Tante, -n",aunt
"die Tasche, -n","pocket, bag"
"die Tassen, -n","coffee, tea cup"
"die Taucherbrille, -n",diving goggles
"die Tenne, -n",threshing floor
"die Theologie, -n",theology
"die Tiefkühltruhe, -n","refrigerator chest - horizontal, deep freeze"
"die Tonne, -n",barrel
"die Torte, -n",fruit pie
"die Treppe, -n",stairs
"die Träne, -n",tear
"die Tüte, -n","bag, cone"
"die Umfrage, -n",job Interview
"die Ungelegenheiten, (pl)",inconvenience (un-opportunity)
"die Universität, -en",university
die Unsrigen (pl),our people
"die Unterkunft, -e",accommodation
"die Unterlage, -n",documents
"die Untertasse, -n",saucer
"die Urgroßmutter, -n",grandmother
"die Verabredung, -en","arrangement, private appointment"
"die Verführung, -en","seduction, temptation"
"die Vergangenheit, -x","past tense, past time"
"die Vermittlung, -en","mediation, intercession"
"die Versammlung, -en",assembly
"die Versichertenkarte, -n",insurance card
"die Versicherung, -en",insurance
"die Versklavung, -en",enslavement
"die Versorgung, -en","care, provision"
"die Verspottung, -en",mockery
"die Verspätung, -en",delay
"die Verstörung, -en",destruction
"die Verwaltung, -en",administration (not in schools)
"die Verzeihung, -en",forgiveness
"die Videothek, -en",video store
"die Vorschrift, -en","commandment, directive"
"die Vorsicht, -","caution, care"
"die Vorspeise, -n",appetizer
"die Vorstellung, -en","idea, picture"
"die Vorwahl, -en",preliminary election
"die Waffe, -n",weapon
"die Wahl, -en",choice
"die Wahrscheinlichkeit, -en","probability, likelihood"
"die Wand, -¨e",wall
"die Wange, -n",cheeks
"die Warnung, -en",warning
"die Wassermelone, -n",watermelon
"die Weinbergschnecke, -n",snail
"die Weise, -n","way, manner, fashion"
"die Weisheit, -",wisdom
"die Weite, -n",width
die Wieder belebungsversuche,"rescussitation, CPR"
die Wiedervereinigung,unification day
"die Wimper, -n",eyelash
"die Windmühle, -n",windmill
"die Windpocken, -",chickenpox
"die Witwe, -n",widow
"die Woche, -n",week
"die Wohnung, -en","apartment, house"
"die Wolle, -n",wool
"die Wunde, -n",wound
"die Wurst, -¨e",sausage
"die Wurzel, -n","root, square root"
"die Wäsche, -n",laundry
"die Wäscheleine, -n",clothesline
"die Würde, -n",dignity
"die Zacke, -n der Zacken, -","point, jagged peak"
"die Zahnbürste, -n",toothbrush
"die Zauberei, -en",wizardry
"die Zehe, -n",toes
"die Zitrone, -n",citrus
"die Zulieferfirma, -en","ancilliary company, supplier"
"die Zunge, -n",tounge
"die Zuversicht, x","assurance, confidence"
"die Zwiebeln, -",onion
"die Überraschung, -en",a surprise
"die Übersetzung, -en",translation
"die Übertretung, -en","trespass, violation"
